Existing story,Existing AC,Corrected story,Complete acceptance criteria,Completeness
"SCRUM-7 - [GAP-TEST] Update member mailing address: As a member service agent with the ""Profile Update"" permission, I want to update a member's mailing address from the member profile page, so that statements go to the right place. Only users with the ""Profile Update"" permission can edit the address; all other users see the address fields read-only.","Given an agent with the ""Profile Update"" permission, when they edit the address fields on the member profile and save, then the new address is saved on the member record and a success message is shown
- Given a user without the ""Profile Update"" permission, when they open the member profile, then the address fields are read-only and no edit action is available",No change needed,AC as written is complete for its checkpoints,"100% — all checkpoints covered (CP-1, CP-2, CP-3, CP-17, CP-18)"
"SCRUM-8 - [GAP-TEST] Validate address with USPS before save: As a member service agent, I want the entered address validated against USPS before save - accepting the standardized suggestion or correcting my input - so that we store deliverable addresses. A P.O. Box is rejected as a residential (physical) address but allowed as a mailing address. If the USPS service is unavailable, a supervisor override permits save and the address is flagged for later re-validation.","On save, the address is sent to the USPS validation service
- If USPS returns a standardized address, the agent can accept it and it is stored on the member record
- If the agent rejects the suggestion and corrects the input, the corrected address is re-validated and stored
- If a P.O. Box is entered as the residential (physical) address, save is blocked with a message
- If a P.O. Box is entered as the mailing address, it is allowed
- If the USPS service is unavailable, a supervisor override permits save and the record is flagged for later re-validation",No change needed,AC as written is complete for its checkpoints,"100% — all checkpoints covered (CP-4, CP-5, CP-6, CP-7, CP-8, CP-11, CP-12)"
"SCRUM-9 - [GAP-TEST] Send address-change email confirmation: As a member, I receive an email confirmation after my address is changed, so that I can detect unauthorized changes.","When an address change is saved, a confirmation email is sent to the member's email on file within 15 minutes
- The email includes an old-to-new address summary and a ""not you? contact us"" path",No change needed,AC as written is complete for its checkpoints,"100% — all checkpoints covered (CP-9, CP-10)"
"SCRUM-10 - [GAP-TEST] Block address change under fraud hold: As a fraud analyst, I want address changes blocked on accounts with an active fraud hold, so that account-takeover is prevented.","If the member's account has an active fraud hold, saving an address change is blocked
- The agent sees a message directing them to the fraud team",No change needed,AC as written is complete for its checkpoints,"100% — all checkpoints covered (CP-13, CP-14)"
"SCRUM-11 - [GAP-TEST] Audit trail for address changes: As a compliance officer, I need every address change audited, so that we meet retention obligations.","When a change is saved, an audit record stores the old address, the new address, the user, the date/time, and the channel
- Audit records are retained for 7 years and are retrievable",No change needed,AC as written is complete for its checkpoints,"100% — all checkpoints covered (CP-15, CP-16)"
